{
    "predict_bleu-4": 1.9799999999999998,
    "predict_rouge-1": 9.138319999999998,
    "predict_rouge-2": 0.0,
    "predict_rouge-l": 4.25943,
    "predict_runtime": 127.5508,
    "predict_samples_per_second": 0.078,
    "predict_steps_per_second": 0.039
}